INSERT INTO Suppliers(supplierCode, supplierName, contactName, phoneNo, faxNo, address, gstNo) VALUES ('ALPA','ALPHA Office Supplies','Ms Irene Tan','4619928','4612238','Blk 1128, Ang Mo Kio Industrial Park #02-1108 Ang Mo Kio St 62 S622262','MR-8500440-2');
INSERT INTO Suppliers(supplierCode, supplierName, contactName, phoneNo, faxNo, address, gstNo) VALUES ('CHEP','Cheap Stationery','Mr Soh Kway Koh','3543234','4742434','Blk 34, Clementi Road #07-02 Ban Ban Soh Building S110525','');
INSERT INTO Suppliers(supplierCode, supplierName, contactName, phoneNo, faxNo, address, gstNo) VALUES ('BANE','BANES Shop','Mr Loh Ah Pek','478 1234','479 2434','Blk 124, Alexandra Road #03-04 Banes Building Singapore 550315','MR-8200420-2');
INSERT INTO Suppliers(supplierCode, supplierName, contactName, phoneNo, faxNo, address, gstNo) VALUES ('OMEG','Omega Stationery Supplier','Mr Ronnie Ho','767 1233','767 1234','Blk 11, Hillview Avenue #03-04, Singapore 679036','MR-8555330-1 ');
INSERT INTO Departments(departmentname,id,contactname,phoneno,faxno,departmenthead,collectionName,representative) VALUES ('English Dept','ENGL','Mrs Pamela Kow','8742234','8921456','Prof Ezra Pound','Stationery Store','Mrs Pamela Kow');
INSERT INTO Departments(departmentname,id,contactname,phoneno,faxno,departmenthead,collectionName,representative) VALUES ('Computer Science','CPSC','Mr Wee Kian Fatt','8901235','8921457','Dr Soh Kian Wee','Stationery Store','Mr Wee Kian Fatt');
INSERT INTO Departments(departmentname,id,contactname,phoneno,faxno,departmenthead,collectionName,representative) VALUES ('Commerce Dept','COMM','Mr Mohd Azman','8741284','8921256','Dr Chia Leow Bee','Stationery Store','Mr Mohd Azman');
INSERT INTO Departments(departmentname,id,contactname,phoneno,faxno,departmenthead,collectionName,representative) VALUES ('Registrar Dept','REGR','Ms Helen Ho','8901266','8921465','Mrs Low Kway Boo','Stationery Store','Ms Helen Ho');
INSERT INTO Departments(departmentname,id,contactname,phoneno,faxno,departmenthead,collectionName,representative) VALUES ('Zoology Dept','ZOOL','Mr Peter Tan Ah Meng','8901266','8921465','Prof Tan','Stationery Store','Mr Peter Tan Ah Meng');
INSERT INTO Departments(departmentname,id,contactname,phoneno,faxno,departmenthead) VALUES ('Stationery Dept','STAT','Mdm Esther Tan','8901269','8921468','Mr Tender Loving Care');
INSERT INTO Collections(collectionPt) VALUES ('Stationery Store');
INSERT INTO Collections(collectionPt) VALUES ('Management School');
INSERT INTO Collections(collectionPt) VALUES ('Medical School');
INSERT INTO Collections(collectionPt) VALUES ('Engineering School');
INSERT INTO Collections(collectionPt) VALUES ('Science School');
INSERT INTO Collections(collectionPt) VALUES ('University Hospital');
INSERT INTO ProductSuppliers(itemNumber,id,preference,price) VALUES ('C001','OMEG',1,0.6);
INSERT INTO ProductSuppliers(itemNumber,id,preference,price) VALUES ('C002','CHEP',1,2);
INSERT INTO ProductSuppliers(itemNumber,id,preference,price) VALUES ('C003','OMEG',1,0.4);
INSERT INTO ProductSuppliers(itemNumber,id,preference,price) VALUES ('C004','CHEP',1,1.35);
INSERT INTO ProductSuppliers(itemNumber,id,preference,price) VALUES ('C005','CHEP',1,0.7);
INSERT INTO ProductSuppliers(itemNumber,id,preference,price) VALUES ('C006','ALPA',1,0.3);
INSERT INTO ProductSuppliers(itemNumber,id,preference,price) VALUES ('E001','BANE',1,0.15);
INSERT INTO ProductSuppliers(itemNumber,id,preference,price) VALUES ('E002','CHEP',1,0.2);
INSERT INTO ProductSuppliers(itemNumber,id,preference,price) VALUES ('E003','ALPA',1,0.25);
INSERT INTO ProductSuppliers(itemNumber,id,preference,price) VALUES ('E004','OMEG',1,0.35);
INSERT INTO ProductSuppliers(itemNumber,id,preference,price) VALUES ('E005','OMEG',1,0.15);
INSERT INTO ProductSuppliers(itemNumber,id,preference,price) VALUES ('E006','OMEG',1,0.2);
INSERT INTO ProductSuppliers(itemNumber,id,preference,price) VALUES ('E007','BANE',1,0.25);
INSERT INTO ProductSuppliers(itemNumber,id,preference,price) VALUES ('E008','CHEP',1,0.35);
INSERT INTO ProductSuppliers(itemNumber,id,preference,price) VALUES ('E020','ALPA',1,0.5);
INSERT INTO ProductSuppliers(itemNumber,id,preference,price) VALUES ('E021','CHEP',1,0.65);
INSERT INTO ProductSuppliers(itemNumber,id,preference,price) VALUES ('E030','OMEG',1,0.6);
INSERT INTO ProductSuppliers(itemNumber,id,preference,price) VALUES ('E031','CHEP',1,0.8);
INSERT INTO ProductSuppliers(itemNumber,id,preference,price) VALUES ('E032','BANE',1,2);
INSERT INTO ProductSuppliers(itemNumber,id,preference,price) VALUES ('E033','CHEP',1,2.5);
INSERT INTO ProductSuppliers(itemNumber,id,preference,price) VALUES ('E034','CHEP',1,3);
INSERT INTO ProductSuppliers(itemNumber,id,preference,price) VALUES ('E035','OMEG',1,1.5);
INSERT INTO ProductSuppliers(itemNumber,id,preference,price) VALUES ('E036','CHEP',1,2);
INSERT INTO ProductSuppliers(itemNumber,id,preference,price) VALUES ('F020','BANE',1,0.8);
INSERT INTO ProductSuppliers(itemNumber,id,preference,price) VALUES ('F021','CHEP',1,0.25);
INSERT INTO ProductSuppliers(itemNumber,id,preference,price) VALUES ('F022','ALPA',1,0.4);
INSERT INTO ProductSuppliers(itemNumber,id,preference,price) VALUES ('F023','CHEP',1,0.25);
INSERT INTO ProductSuppliers(itemNumber,id,preference,price) VALUES ('F024','BANE',1,0.4);
INSERT INTO ProductSuppliers(itemNumber,id,preference,price) VALUES ('F031','BANE',1,0.2);
INSERT INTO ProductSuppliers(itemNumber,id,preference,price) VALUES ('F032','ALPA',1,0.2);
INSERT INTO ProductSuppliers(itemNumber,id,preference,price) VALUES ('F033','ALPA',1,0.2);
INSERT INTO ProductSuppliers(itemNumber,id,preference,price) VALUES ('F034','OMEG',1,0.2);
INSERT INTO ProductSuppliers(itemNumber,id,preference,price) VALUES ('F035','OMEG',1,0.2);
INSERT INTO ProductSuppliers(itemNumber,id,preference,price) VALUES ('H011','OMEG',1,5);
INSERT INTO ProductSuppliers(itemNumber,id,preference,price) VALUES ('H012','OMEG',1,5);
INSERT INTO ProductSuppliers(itemNumber,id,preference,price) VALUES ('H013','ALPA',1,5);
INSERT INTO ProductSuppliers(itemNumber,id,preference,price) VALUES ('H014','ALPA',1,5);
INSERT INTO ProductSuppliers(itemNumber,id,preference,price) VALUES ('H031','CHEP',1,4.5);
INSERT INTO ProductSuppliers(itemNumber,id,preference,price) VALUES ('H032','ALPA',1,29);
INSERT INTO ProductSuppliers(itemNumber,id,preference,price) VALUES ('H033','OMEG',1,38);
INSERT INTO ProductSuppliers(itemNumber,id,preference,price) VALUES ('P010','OMEG',1,1.3);
INSERT INTO ProductSuppliers(itemNumber,id,preference,price) VALUES ('P011','CHEP',1,1.6);
INSERT INTO ProductSuppliers(itemNumber,id,preference,price) VALUES ('P012','CHEP',1,2);
INSERT INTO ProductSuppliers(itemNumber,id,preference,price) VALUES ('P013','CHEP',1,2.3);
INSERT INTO ProductSuppliers(itemNumber,id,preference,price) VALUES ('P014','BANE',1,2.6);
INSERT INTO ProductSuppliers(itemNumber,id,preference,price) VALUES ('P015','ALPA',1,2.6);
INSERT INTO ProductSuppliers(itemNumber,id,preference,price) VALUES ('P016','BANE',1,23);
INSERT INTO ProductSuppliers(itemNumber,id,preference,price) VALUES ('P020','ALPA',1,47.5);
INSERT INTO ProductSuppliers(itemNumber,id,preference,price) VALUES ('P021','ALPA',1,24);
INSERT INTO ProductSuppliers(itemNumber,id,preference,price) VALUES ('P030','CHEP',1,0.5);
INSERT INTO ProductSuppliers(itemNumber,id,preference,price) VALUES ('P031','OMEG',1,0.5);
INSERT INTO ProductSuppliers(itemNumber,id,preference,price) VALUES ('P032','CHEP',1,0.5);
INSERT INTO ProductSuppliers(itemNumber,id,preference,price) VALUES ('P033','CHEP',1,1.6);
INSERT INTO ProductSuppliers(itemNumber,id,preference,price) VALUES ('P034','BANE',1,1.6);
INSERT INTO ProductSuppliers(itemNumber,id,preference,price) VALUES ('P035','CHEP',1,1.6);
INSERT INTO ProductSuppliers(itemNumber,id,preference,price) VALUES ('P036','CHEP',1,5);
INSERT INTO ProductSuppliers(itemNumber,id,preference,price) VALUES ('P037','ALPA',1,5);
INSERT INTO ProductSuppliers(itemNumber,id,preference,price) VALUES ('P038','OMEG',1,15);
INSERT INTO ProductSuppliers(itemNumber,id,preference,price) VALUES ('P039','BANE',1,15);
INSERT INTO ProductSuppliers(itemNumber,id,preference,price) VALUES ('P040','OMEG',1,15);
INSERT INTO ProductSuppliers(itemNumber,id,preference,price) VALUES ('P041','OMEG',1,15);
INSERT INTO ProductSuppliers(itemNumber,id,preference,price) VALUES ('P042','ALPA',1,11);
INSERT INTO ProductSuppliers(itemNumber,id,preference,price) VALUES ('P043','ALPA',1,16);
INSERT INTO ProductSuppliers(itemNumber,id,preference,price) VALUES ('P044','OMEG',1,12);
INSERT INTO ProductSuppliers(itemNumber,id,preference,price) VALUES ('P045','CHEP',1,8);
INSERT INTO ProductSuppliers(itemNumber,id,preference,price) VALUES ('P046','OMEG',1,9);
INSERT INTO ProductSuppliers(itemNumber,id,preference,price) VALUES ('R002','CHEP',1,7.2);
INSERT INTO ProductSuppliers(itemNumber,id,preference,price) VALUES ('R001','CHEP',1,2.4);
INSERT INTO ProductSuppliers(itemNumber,id,preference,price) VALUES ('S100','ALPA',1,1);
INSERT INTO ProductSuppliers(itemNumber,id,preference,price) VALUES ('S040','CHEP',1,0.85);
INSERT INTO ProductSuppliers(itemNumber,id,preference,price) VALUES ('S041','ALPA',1,1.5);
INSERT INTO ProductSuppliers(itemNumber,id,preference,price) VALUES ('S101','ALPA',1,0.8);
INSERT INTO ProductSuppliers(itemNumber,id,preference,price) VALUES ('S010','BANE',1,0.6);
INSERT INTO ProductSuppliers(itemNumber,id,preference,price) VALUES ('S011','OMEG',1,0.8);
INSERT INTO ProductSuppliers(itemNumber,id,preference,price) VALUES ('S012','CHEP',1,0.4);
INSERT INTO ProductSuppliers(itemNumber,id,preference,price) VALUES ('S020','OMEG',1,1.5);
INSERT INTO ProductSuppliers(itemNumber,id,preference,price) VALUES ('S021','ALPA',1,2.5);
INSERT INTO ProductSuppliers(itemNumber,id,preference,price) VALUES ('S022','ALPA',1,15);
INSERT INTO ProductSuppliers(itemNumber,id,preference,price) VALUES ('S023','OMEG',1,25);
INSERT INTO ProductSuppliers(itemNumber,id,preference,price) VALUES ('T001','OMEG',1,3);
INSERT INTO ProductSuppliers(itemNumber,id,preference,price) VALUES ('T002','BANE',1,2.5);
INSERT INTO ProductSuppliers(itemNumber,id,preference,price) VALUES ('T003','ALPA',1,2);
INSERT INTO ProductSuppliers(itemNumber,id,preference,price) VALUES ('T020','CHEP',1,5);
INSERT INTO ProductSuppliers(itemNumber,id,preference,price) VALUES ('T021','ALPA',1,5);
INSERT INTO ProductSuppliers(itemNumber,id,preference,price) VALUES ('T022','OMEG',1,5);
INSERT INTO ProductSuppliers(itemNumber,id,preference,price) VALUES ('T023','OMEG',1,5);
INSERT INTO ProductSuppliers(itemNumber,id,preference,price) VALUES ('T024','OMEG',1,5);
INSERT INTO ProductSuppliers(itemNumber,id,preference,price) VALUES ('T025','CHEP',1,5);
INSERT INTO ProductSuppliers(itemNumber,id,preference,price) VALUES ('T100','OMEG',1,10);
INSERT INTO ProductSuppliers(itemNumber,id,preference,price) VALUES ('C001','CHEP',2,0.76);
INSERT INTO ProductSuppliers(itemNumber,id,preference,price) VALUES ('C002','BANE',2,1.7);
INSERT INTO ProductSuppliers(itemNumber,id,preference,price) VALUES ('C003','CHEP',2,0.43);
INSERT INTO ProductSuppliers(itemNumber,id,preference,price) VALUES ('C004','OMEG',2,1.26);
INSERT INTO ProductSuppliers(itemNumber,id,preference,price) VALUES ('C005','BANE',2,0.78);
INSERT INTO ProductSuppliers(itemNumber,id,preference,price) VALUES ('C006','BANE',2,0.34);
INSERT INTO ProductSuppliers(itemNumber,id,preference,price) VALUES ('E001','OMEG',2,0.19);
INSERT INTO ProductSuppliers(itemNumber,id,preference,price) VALUES ('E002','BANE',2,0.17);
INSERT INTO ProductSuppliers(itemNumber,id,preference,price) VALUES ('E003','BANE',2,0.21);
INSERT INTO ProductSuppliers(itemNumber,id,preference,price) VALUES ('E004','ALPA',2,0.41);
INSERT INTO ProductSuppliers(itemNumber,id,preference,price) VALUES ('E005','BANE',2,0.14);
INSERT INTO ProductSuppliers(itemNumber,id,preference,price) VALUES ('E006','CHEP',2,0.21);
INSERT INTO ProductSuppliers(itemNumber,id,preference,price) VALUES ('E007','ALPA',2,0.3);
INSERT INTO ProductSuppliers(itemNumber,id,preference,price) VALUES ('E008','BANE',2,0.32);
INSERT INTO ProductSuppliers(itemNumber,id,preference,price) VALUES ('E020','BANE',2,0.49);
INSERT INTO ProductSuppliers(itemNumber,id,preference,price) VALUES ('E021','OMEG',2,0.7);
INSERT INTO ProductSuppliers(itemNumber,id,preference,price) VALUES ('E030','CHEP',2,0.75);
INSERT INTO ProductSuppliers(itemNumber,id,preference,price) VALUES ('E031','BANE',2,0.77);
INSERT INTO ProductSuppliers(itemNumber,id,preference,price) VALUES ('E032','ALPA',2,2.56);
INSERT INTO ProductSuppliers(itemNumber,id,preference,price) VALUES ('E033','OMEG',2,2.27);
INSERT INTO ProductSuppliers(itemNumber,id,preference,price) VALUES ('E034','OMEG',2,3.81);
INSERT INTO ProductSuppliers(itemNumber,id,preference,price) VALUES ('E035','CHEP',2,1.49);
INSERT INTO ProductSuppliers(itemNumber,id,preference,price) VALUES ('E036','ALPA',2,2.47);
INSERT INTO ProductSuppliers(itemNumber,id,preference,price) VALUES ('F020','CHEP',2,0.74);
INSERT INTO ProductSuppliers(itemNumber,id,preference,price) VALUES ('F021','OMEG',2,0.23);
INSERT INTO ProductSuppliers(itemNumber,id,preference,price) VALUES ('F022','OMEG',2,0.35);
INSERT INTO ProductSuppliers(itemNumber,id,preference,price) VALUES ('F023','ALPA',2,0.29);
INSERT INTO ProductSuppliers(itemNumber,id,preference,price) VALUES ('F024','ALPA',2,0.5);
INSERT INTO ProductSuppliers(itemNumber,id,preference,price) VALUES ('F031','CHEP',2,0.23);
INSERT INTO ProductSuppliers(itemNumber,id,preference,price) VALUES ('F032','OMEG',2,0.18);
INSERT INTO ProductSuppliers(itemNumber,id,preference,price) VALUES ('F033','BANE',2,0.25);
INSERT INTO ProductSuppliers(itemNumber,id,preference,price) VALUES ('F034','BANE',2,0.19);
INSERT INTO ProductSuppliers(itemNumber,id,preference,price) VALUES ('F035','BANE',2,0.22);
INSERT INTO ProductSuppliers(itemNumber,id,preference,price) VALUES ('H011','ALPA',2,5.13);
INSERT INTO ProductSuppliers(itemNumber,id,preference,price) VALUES ('H012','CHEP',2,4.95);
INSERT INTO ProductSuppliers(itemNumber,id,preference,price) VALUES ('H013','BANE',2,4.94);
INSERT INTO ProductSuppliers(itemNumber,id,preference,price) VALUES ('H014','BANE',2,5.56);
INSERT INTO ProductSuppliers(itemNumber,id,preference,price) VALUES ('H031','ALPA',2,5.69);
INSERT INTO ProductSuppliers(itemNumber,id,preference,price) VALUES ('H032','CHEP',2,32.97);
INSERT INTO ProductSuppliers(itemNumber,id,preference,price) VALUES ('H033','CHEP',2,39.05);
INSERT INTO ProductSuppliers(itemNumber,id,preference,price) VALUES ('P010','ALPA',2,1.2);
INSERT INTO ProductSuppliers(itemNumber,id,preference,price) VALUES ('P011','OMEG',2,1.38);
INSERT INTO ProductSuppliers(itemNumber,id,preference,price) VALUES ('P012','ALPA',2,1.75);
INSERT INTO ProductSuppliers(itemNumber,id,preference,price) VALUES ('P013','OMEG',2,2.41);
INSERT INTO ProductSuppliers(itemNumber,id,preference,price) VALUES ('P014','CHEP',2,2.69);
INSERT INTO ProductSuppliers(itemNumber,id,preference,price) VALUES ('P015','BANE',2,2.7);
INSERT INTO ProductSuppliers(itemNumber,id,preference,price) VALUES ('P016','CHEP',2,22.36);
INSERT INTO ProductSuppliers(itemNumber,id,preference,price) VALUES ('P020','BANE',2,55.65);
INSERT INTO ProductSuppliers(itemNumber,id,preference,price) VALUES ('P021','BANE',2,28.35);
INSERT INTO ProductSuppliers(itemNumber,id,preference,price) VALUES ('P030','OMEG',2,0.49);
INSERT INTO ProductSuppliers(itemNumber,id,preference,price) VALUES ('P031','BANE',2,0.56);
INSERT INTO ProductSuppliers(itemNumber,id,preference,price) VALUES ('P032','BANE',2,0.56);
INSERT INTO ProductSuppliers(itemNumber,id,preference,price) VALUES ('P033','ALPA',2,1.98);
INSERT INTO ProductSuppliers(itemNumber,id,preference,price) VALUES ('P034','OMEG',2,1.92);
INSERT INTO ProductSuppliers(itemNumber,id,preference,price) VALUES ('P035','ALPA',2,2.06);
INSERT INTO ProductSuppliers(itemNumber,id,preference,price) VALUES ('P036','BANE',2,5.75);
INSERT INTO ProductSuppliers(itemNumber,id,preference,price) VALUES ('P037','BANE',2,5.94);
INSERT INTO ProductSuppliers(itemNumber,id,preference,price) VALUES ('P038','ALPA',2,12.78);
INSERT INTO ProductSuppliers(itemNumber,id,preference,price) VALUES ('P039','ALPA',2,16.23);
INSERT INTO ProductSuppliers(itemNumber,id,preference,price) VALUES ('P040','CHEP',2,16.12);
INSERT INTO ProductSuppliers(itemNumber,id,preference,price) VALUES ('P041','CHEP',2,16.03);
INSERT INTO ProductSuppliers(itemNumber,id,preference,price) VALUES ('P042','CHEP',2,9.59);
INSERT INTO ProductSuppliers(itemNumber,id,preference,price) VALUES ('P043','BANE',2,17.42);
INSERT INTO ProductSuppliers(itemNumber,id,preference,price) VALUES ('P044','BANE',2,13.27);
INSERT INTO ProductSuppliers(itemNumber,id,preference,price) VALUES ('P045','BANE',2,9.33);
INSERT INTO ProductSuppliers(itemNumber,id,preference,price) VALUES ('P046','ALPA',2,9.29);
INSERT INTO ProductSuppliers(itemNumber,id,preference,price) VALUES ('R002','BANE',2,7.6);
INSERT INTO ProductSuppliers(itemNumber,id,preference,price) VALUES ('R001','OMEG',2,2.28);
INSERT INTO ProductSuppliers(itemNumber,id,preference,price) VALUES ('S100','CHEP',2,0.98);
INSERT INTO ProductSuppliers(itemNumber,id,preference,price) VALUES ('S040','BANE',2,0.84);
INSERT INTO ProductSuppliers(itemNumber,id,preference,price) VALUES ('S041','OMEG',2,1.55);
INSERT INTO ProductSuppliers(itemNumber,id,preference,price) VALUES ('S101','CHEP',2,0.9);
INSERT INTO ProductSuppliers(itemNumber,id,preference,price) VALUES ('S010','OMEG',2,0.62);
INSERT INTO ProductSuppliers(itemNumber,id,preference,price) VALUES ('S011','CHEP',2,0.81);
INSERT INTO ProductSuppliers(itemNumber,id,preference,price) VALUES ('S012','OMEG',2,0.44);
INSERT INTO ProductSuppliers(itemNumber,id,preference,price) VALUES ('S020','ALPA',2,1.55);
INSERT INTO ProductSuppliers(itemNumber,id,preference,price) VALUES ('S021','BANE',2,2.83);
INSERT INTO ProductSuppliers(itemNumber,id,preference,price) VALUES ('S022','OMEG',2,17.41);
INSERT INTO ProductSuppliers(itemNumber,id,preference,price) VALUES ('S023','CHEP',2,24.89);
INSERT INTO ProductSuppliers(itemNumber,id,preference,price) VALUES ('T001','CHEP',2,3.87);
INSERT INTO ProductSuppliers(itemNumber,id,preference,price) VALUES ('T002','CHEP',2,2.44);
INSERT INTO ProductSuppliers(itemNumber,id,preference,price) VALUES ('T003','CHEP',2,2.16);
INSERT INTO ProductSuppliers(itemNumber,id,preference,price) VALUES ('T020','BANE',2,5.7);
INSERT INTO ProductSuppliers(itemNumber,id,preference,price) VALUES ('T021','BANE',2,6);
INSERT INTO ProductSuppliers(itemNumber,id,preference,price) VALUES ('T022','ALPA',2,5.58);
INSERT INTO ProductSuppliers(itemNumber,id,preference,price) VALUES ('T023','CHEP',2,4.63);
INSERT INTO ProductSuppliers(itemNumber,id,preference,price) VALUES ('T024','BANE',2,5.06);
INSERT INTO ProductSuppliers(itemNumber,id,preference,price) VALUES ('T025','ALPA',2,4.45);
INSERT INTO ProductSuppliers(itemNumber,id,preference,price) VALUES ('T100','CHEP',2,12.28);
INSERT INTO ProductSuppliers(itemNumber,id,preference,price) VALUES ('C001','BANE',3,0.71);
INSERT INTO ProductSuppliers(itemNumber,id,preference,price) VALUES ('C002','ALPA',3,2.11);
INSERT INTO ProductSuppliers(itemNumber,id,preference,price) VALUES ('C003','BANE',3,0.36);
INSERT INTO ProductSuppliers(itemNumber,id,preference,price) VALUES ('C004','ALPA',3,1.35);
INSERT INTO ProductSuppliers(itemNumber,id,preference,price) VALUES ('C005','ALPA',3,0.62);
INSERT INTO ProductSuppliers(itemNumber,id,preference,price) VALUES ('C006','OMEG',3,0.29);
INSERT INTO ProductSuppliers(itemNumber,id,preference,price) VALUES ('E001','CHEP',3,0.17);
INSERT INTO ProductSuppliers(itemNumber,id,preference,price) VALUES ('E002','ALPA',3,0.25);
INSERT INTO ProductSuppliers(itemNumber,id,preference,price) VALUES ('E003','OMEG',3,0.25);
INSERT INTO ProductSuppliers(itemNumber,id,preference,price) VALUES ('E004','CHEP',3,0.36);
INSERT INTO ProductSuppliers(itemNumber,id,preference,price) VALUES ('E005','CHEP',3,0.17);
INSERT INTO ProductSuppliers(itemNumber,id,preference,price) VALUES ('E006','ALPA',3,0.24);
INSERT INTO ProductSuppliers(itemNumber,id,preference,price) VALUES ('E007','OMEG',3,0.32);
INSERT INTO ProductSuppliers(itemNumber,id,preference,price) VALUES ('E008','ALPA',3,0.37);
INSERT INTO ProductSuppliers(itemNumber,id,preference,price) VALUES ('E020','OMEG',3,0.57);
INSERT INTO ProductSuppliers(itemNumber,id,preference,price) VALUES ('E021','ALPA',3,0.65);
INSERT INTO ProductSuppliers(itemNumber,id,preference,price) VALUES ('E030','BANE',3,0.76);
INSERT INTO ProductSuppliers(itemNumber,id,preference,price) VALUES ('E031','ALPA',3,0.99);
INSERT INTO ProductSuppliers(itemNumber,id,preference,price) VALUES ('E032','OMEG',3,2.03);
INSERT INTO ProductSuppliers(itemNumber,id,preference,price) VALUES ('E033','BANE',3,2.46);
INSERT INTO ProductSuppliers(itemNumber,id,preference,price) VALUES ('E034','ALPA',3,3.54);
INSERT INTO ProductSuppliers(itemNumber,id,preference,price) VALUES ('E035','BANE',3,1.29);
INSERT INTO ProductSuppliers(itemNumber,id,preference,price) VALUES ('E036','BANE',3,1.79);
INSERT INTO ProductSuppliers(itemNumber,id,preference,price) VALUES ('F020','ALPA',3,0.9);
INSERT INTO ProductSuppliers(itemNumber,id,preference,price) VALUES ('F021','BANE',3,0.28);
INSERT INTO ProductSuppliers(itemNumber,id,preference,price) VALUES ('F022','CHEP',3,0.38);
INSERT INTO ProductSuppliers(itemNumber,id,preference,price) VALUES ('F023','OMEG',3,0.31);
INSERT INTO ProductSuppliers(itemNumber,id,preference,price) VALUES ('F024','OMEG',3,0.39);
INSERT INTO ProductSuppliers(itemNumber,id,preference,price) VALUES ('F031','OMEG',3,0.19);
INSERT INTO ProductSuppliers(itemNumber,id,preference,price) VALUES ('F032','CHEP',3,0.21);
INSERT INTO ProductSuppliers(itemNumber,id,preference,price) VALUES ('F033','OMEG',3,0.22);
INSERT INTO ProductSuppliers(itemNumber,id,preference,price) VALUES ('F034','CHEP',3,0.23);
INSERT INTO ProductSuppliers(itemNumber,id,preference,price) VALUES ('F035','ALPA',3,0.26);
INSERT INTO ProductSuppliers(itemNumber,id,preference,price) VALUES ('H011','CHEP',3,5.63);
INSERT INTO ProductSuppliers(itemNumber,id,preference,price) VALUES ('H012','ALPA',3,4.54);
INSERT INTO ProductSuppliers(itemNumber,id,preference,price) VALUES ('H013','OMEG',3,4.27);
INSERT INTO ProductSuppliers(itemNumber,id,preference,price) VALUES ('H014','OMEG',3,6.49);
INSERT INTO ProductSuppliers(itemNumber,id,preference,price) VALUES ('H031','OMEG',3,5.74);
INSERT INTO ProductSuppliers(itemNumber,id,preference,price) VALUES ('H032','OMEG',3,30.45);
INSERT INTO ProductSuppliers(itemNumber,id,preference,price) VALUES ('H033','ALPA',3,45.11);
INSERT INTO ProductSuppliers(itemNumber,id,preference,price) VALUES ('P010','CHEP',3,1.36);
INSERT INTO ProductSuppliers(itemNumber,id,preference,price) VALUES ('P011','ALPA',3,1.82);
INSERT INTO ProductSuppliers(itemNumber,id,preference,price) VALUES ('P012','OMEG',3,2.32);
INSERT INTO ProductSuppliers(itemNumber,id,preference,price) VALUES ('P013','ALPA',3,2.12);
INSERT INTO ProductSuppliers(itemNumber,id,preference,price) VALUES ('P014','ALPA',3,2.74);
INSERT INTO ProductSuppliers(itemNumber,id,preference,price) VALUES ('P015','CHEP',3,2.55);
INSERT INTO ProductSuppliers(itemNumber,id,preference,price) VALUES ('P016','OMEG',3,22.14);
INSERT INTO ProductSuppliers(itemNumber,id,preference,price) VALUES ('P020','OMEG',3,59.66);
INSERT INTO ProductSuppliers(itemNumber,id,preference,price) VALUES ('P021','CHEP',3,21.02);
INSERT INTO ProductSuppliers(itemNumber,id,preference,price) VALUES ('P030','ALPA',3,0.62);
INSERT INTO ProductSuppliers(itemNumber,id,preference,price) VALUES ('P031','CHEP',3,0.44);
INSERT INTO ProductSuppliers(itemNumber,id,preference,price) VALUES ('P032','OMEG',3,0.57);
INSERT INTO ProductSuppliers(itemNumber,id,preference,price) VALUES ('P033','OMEG',3,1.89);
INSERT INTO ProductSuppliers(itemNumber,id,preference,price) VALUES ('P034','ALPA',3,2.01);
INSERT INTO ProductSuppliers(itemNumber,id,preference,price) VALUES ('P035','BANE',3,1.83);
INSERT INTO ProductSuppliers(itemNumber,id,preference,price) VALUES ('P036','ALPA',3,4.29);
INSERT INTO ProductSuppliers(itemNumber,id,preference,price) VALUES ('P037','OMEG',3,5.76);
INSERT INTO ProductSuppliers(itemNumber,id,preference,price) VALUES ('P038','BANE',3,15.65);
INSERT INTO ProductSuppliers(itemNumber,id,preference,price) VALUES ('P039','CHEP',3,19.4);
INSERT INTO ProductSuppliers(itemNumber,id,preference,price) VALUES ('P040','BANE',3,15.99);
INSERT INTO ProductSuppliers(itemNumber,id,preference,price) VALUES ('P041','ALPA',3,17.59);
INSERT INTO ProductSuppliers(itemNumber,id,preference,price) VALUES ('P042','OMEG',3,10.62);
INSERT INTO ProductSuppliers(itemNumber,id,preference,price) VALUES ('P043','OMEG',3,17.79);
INSERT INTO ProductSuppliers(itemNumber,id,preference,price) VALUES ('P044','ALPA',3,12.72);
INSERT INTO ProductSuppliers(itemNumber,id,preference,price) VALUES ('P045','OMEG',3,7.92);
INSERT INTO ProductSuppliers(itemNumber,id,preference,price) VALUES ('P046','CHEP',3,10.56);
INSERT INTO ProductSuppliers(itemNumber,id,preference,price) VALUES ('R002','ALPA',3,8.45);
INSERT INTO ProductSuppliers(itemNumber,id,preference,price) VALUES ('R001','ALPA',3,2.14);
INSERT INTO ProductSuppliers(itemNumber,id,preference,price) VALUES ('S100','BANE',3,0.92);
INSERT INTO ProductSuppliers(itemNumber,id,preference,price) VALUES ('S040','ALPA',3,0.89);
INSERT INTO ProductSuppliers(itemNumber,id,preference,price) VALUES ('S041','BANE',3,1.42);
INSERT INTO ProductSuppliers(itemNumber,id,preference,price) VALUES ('S101','BANE',3,1.02);
INSERT INTO ProductSuppliers(itemNumber,id,preference,price) VALUES ('S010','CHEP',3,0.7);
INSERT INTO ProductSuppliers(itemNumber,id,preference,price) VALUES ('S011','BANE',3,0.92);
INSERT INTO ProductSuppliers(itemNumber,id,preference,price) VALUES ('S012','BANE',3,0.46);
INSERT INTO ProductSuppliers(itemNumber,id,preference,price) VALUES ('S020','CHEP',3,1.66);
INSERT INTO ProductSuppliers(itemNumber,id,preference,price) VALUES ('S021','CHEP',3,3.05);
INSERT INTO ProductSuppliers(itemNumber,id,preference,price) VALUES ('S022','CHEP',3,15.88);
INSERT INTO ProductSuppliers(itemNumber,id,preference,price) VALUES ('S023','BANE',3,31.01);
INSERT INTO ProductSuppliers(itemNumber,id,preference,price) VALUES ('T001','BANE',3,2.81);
INSERT INTO ProductSuppliers(itemNumber,id,preference,price) VALUES ('T002','OMEG',3,2.69);
INSERT INTO ProductSuppliers(itemNumber,id,preference,price) VALUES ('T003','OMEG',3,2.32);
INSERT INTO ProductSuppliers(itemNumber,id,preference,price) VALUES ('T020','ALPA',3,6.46);
INSERT INTO ProductSuppliers(itemNumber,id,preference,price) VALUES ('T021','CHEP',3,6.37);
INSERT INTO ProductSuppliers(itemNumber,id,preference,price) VALUES ('T022','BANE',3,4.34);
INSERT INTO ProductSuppliers(itemNumber,id,preference,price) VALUES ('T023','ALPA',3,5.37);
INSERT INTO ProductSuppliers(itemNumber,id,preference,price) VALUES ('T024','CHEP',3,4.3);
INSERT INTO ProductSuppliers(itemNumber,id,preference,price) VALUES ('T025','BANE',3,5.46);
INSERT INTO ProductSuppliers(itemNumber,id,preference,price) VALUES ('T100','BANE',3,11.17);
INSERT INTO Employees(id, empName,role, departmentId) VALUES ('10000','Emp A','depthead','ENGL');
INSERT INTO Employees(id, empName,role, departmentId) VALUES ('10001','Emp B','deptstaff','ENGL');
INSERT INTO Employees(id, empName,role, departmentId) VALUES ('10002','Emp C','deptstaff','ENGL');
INSERT INTO Employees(id, empName,role, departmentId) VALUES ('10003','Emp D','deptstaff','ENGL');
INSERT INTO Employees(id, empName,role, departmentId) VALUES ('10004','Emp E','depthead','CPSC');
INSERT INTO Employees(id, empName,role, departmentId) VALUES ('10005','Emp F','deptstaff','CPSC');
INSERT INTO Employees(id, empName,role, departmentId) VALUES ('10006','Emp G','deptstaff','CPSC');
INSERT INTO Employees(id, empName,role, departmentId) VALUES ('10007','Emp H','deptstaff','CPSC');
INSERT INTO Employees(id, empName,role, departmentId) VALUES ('10008','Emp I','depthead','COMM');
INSERT INTO Employees(id, empName,role, departmentId) VALUES ('10009','Emp J','deptstaff','COMM');
INSERT INTO Employees(id, empName,role, departmentId) VALUES ('10010','Emp K','deptstaff','COMM');
INSERT INTO Employees(id, empName,role, departmentId) VALUES ('10011','Emp L','deptstaff','COMM');
INSERT INTO Employees(id, empName,role, departmentId) VALUES ('10012','Emp M','depthead','REGR');
INSERT INTO Employees(id, empName,role, departmentId) VALUES ('10013','Emp N','deptstaff','REGR');
INSERT INTO Employees(id, empName,role, departmentId) VALUES ('10014','Emp O','deptstaff','REGR');
INSERT INTO Employees(id, empName,role, departmentId) VALUES ('10015','Emp P','deptstaff','REGR');
INSERT INTO Employees(id, empName,role, departmentId,email) VALUES ('10016','diwei','depthead','ZOOL', 'team10gdipsa48@gmail.com');
INSERT INTO Employees(id, empName,role, departmentId,email) VALUES ('10017','venkat','deptstaff','ZOOL', 'team10gdipsa48@gmail.com');
INSERT INTO Employees(id, empName,role, departmentId,email) VALUES ('10018','denghan','deptstaff','ZOOL', 'team10gdipsa48@gmail.com');
INSERT INTO Employees(id, empName,role, departmentId) VALUES ('10019','Emp R','deptstaff','ZOOL');
INSERT INTO Employees(id, empName,role, departmentId,email) VALUES ('10020','siqi','storemgr','STAT','team10gdipsa48@gmail.com');
INSERT INTO Employees(id, empName,role, departmentId,email) VALUES ('10021','soonleng','storesup','STAT', 'team10gdipsa48@gmail.com');
INSERT INTO Employees(id, empName,role, departmentId,email) VALUES ('10022','zhongbao','storeclerk','STAT','team10gdipsa48@gmail.com');
INSERT INTO Employees(id, empName,role, departmentId,email) VALUES ('10023','victoria','storeclerk','STAT','team10gdipsa48@gmail.com');
INSERT INTO Employees(id, empName,role, departmentId,email) VALUES ('10024','annie','storeclerk','STAT','team10gdipsa48@gmail.com');
INSERT INTO Requisitions(status,approvedBy,datecreated,department,employee_id) VALUES ('Pending Approval','DummyA','20190101', 'ZOOL','10017');
INSERT INTO ProductReqs (req_reqformNumber,productitemnumber,productDesc,quantity,retrievedQuantity,deliveredQuantity) VALUES (1,'C001','Clips Double 1"',10,0,0)
INSERT INTO ProductReqs (req_reqformNumber,productitemnumber,productDesc,quantity,retrievedQuantity,deliveredQuantity) VALUES (1,'F033','Folder Plastic Green',120,0,0)
INSERT INTO Requisitions(status,approvedBy,datecreated,dateapproved, department,employee_id) VALUES ('Approved','DummyA','20190205','20190302', 'ZOOL','10017');
INSERT INTO ProductReqs (req_reqformNumber,productitemnumber,productDesc,quantity,retrievedQuantity,deliveredQuantity) VALUES (2,'C002','Clips Double 2"',45,0,0)
INSERT INTO ProductReqs (req_reqformNumber,productitemnumber,productDesc,quantity,retrievedQuantity,deliveredQuantity) VALUES (2,'H033','Hole Puncher Adjustable',60,0,0)
INSERT INTO Requisitions(status,approvedBy,datecreated,department,employee_id) VALUES ('Pending Approval','DummyA','20190315', 'ZOOL','10017');
INSERT INTO ProductReqs (req_reqformNumber,productitemnumber,productDesc,quantity,retrievedQuantity,deliveredQuantity) VALUES (3,'S022','Stapler No. 28',58,0,0)
INSERT INTO ProductReqs (req_reqformNumber,productitemnumber,productDesc,quantity,retrievedQuantity,deliveredQuantity) VALUES (3,'P035','Pen Felt Tip Red',36,0,0)
INSERT INTO Requisitions(status,approvedBy,datecreated,dateapproved, department,employee_id) VALUES ('Rejected','DummyA','20190401','20190410', 'ZOOL','10017');
INSERT INTO ProductReqs (req_reqformNumber,productitemnumber,productDesc,quantity,retrievedQuantity,deliveredQuantity) VALUES (4,'P038','Pen Whiteboard Marker Black',1000,0,0)
INSERT INTO ProductReqs (req_reqformNumber,productitemnumber,productDesc,quantity,retrievedQuantity,deliveredQuantity) VALUES (4,'R002','Ruler 12"',28,0,0)
INSERT INTO ProductReqs (req_reqformNumber,productitemnumber,productDesc,quantity,retrievedQuantity,deliveredQuantity) VALUES (4,'P042','Pencil 2B',5,0,0)
INSERT INTO Requisitions(status,approvedBy,datecreated,dateapproved, department,employee_id) VALUES ('Approved','DummyA','20190505','20190602', 'ZOOL','10017');
INSERT INTO ProductReqs (req_reqformNumber,productitemnumber,productDesc,quantity,retrievedQuantity,deliveredQuantity) VALUES (5,'E002','Envelope Brown (3"x6") w/ Window"',180,0,0)
INSERT INTO ProductReqs (req_reqformNumber,productitemnumber,productDesc,quantity,retrievedQuantity,deliveredQuantity) VALUES (5,'E035','Exercise Book Hardcover (120 pg)',20,0,0)
INSERT INTO ProductReqs (req_reqformNumber,productitemnumber,productDesc,quantity,retrievedQuantity,deliveredQuantity) VALUES (5,'P043','Pencil 2B with Eraser End',36,0,0)
INSERT INTO ProductReqs (req_reqformNumber,productitemnumber,productDesc,quantity,retrievedQuantity,deliveredQuantity) VALUES (5,'T003','Thumb Tacks Small',16,0,0)
INSERT INTO ProductReqs (req_reqformNumber,productitemnumber,productDesc,quantity,retrievedQuantity,deliveredQuantity) VALUES (5,'S023','Stapler No. 36',19,0,0)
INSERT INTO ProductReqs (req_reqformNumber,productitemnumber,productDesc,quantity,retrievedQuantity,deliveredQuantity) VALUES (5,'T023','Transparency Red',90,0,0)
INSERT INTO Requisitions(status,approvedBy,datecreated,dateapproved, department,employee_id) VALUES ('Complete','DummyA','20190801','20190810', 'ZOOL','10017');
INSERT INTO ProductReqs (req_reqformNumber,productitemnumber,productDesc,quantity,retrievedQuantity,deliveredQuantity) VALUES (6,'P038','Pen Whiteboard Marker Black',67,67,67)
INSERT INTO ProductReqs (req_reqformNumber,productitemnumber,productDesc,quantity,retrievedQuantity,deliveredQuantity) VALUES (6,'R002','Ruler 12"',35,35,35)
INSERT INTO ProductReqs (req_reqformNumber,productitemnumber,productDesc,quantity,retrievedQuantity,deliveredQuantity) VALUES (6,'P042','Pencil 2B',76,76,76)
INSERT INTO Requisitions(status,approvedBy,datecreated,dateapproved, department,employee_id) VALUES ('Completed','DummyA','20190801','20190810', 'ZOOL','10017');
INSERT INTO ProductReqs (req_reqformNumber,productitemnumber,productDesc,quantity,retrievedQuantity,deliveredQuantity) VALUES (7,'S021','Stapler No. 26',24,24,24)
INSERT INTO ProductReqs (req_reqformNumber,productitemnumber,productDesc,quantity,retrievedQuantity,deliveredQuantity) VALUES (7,'E001','Envelope'',''Envelope Brown (3"x6")',300,300,300)
INSERT INTO Requisitions(status,approvedBy,datecreated,dateapproved, department,employee_id) VALUES ('Partial','DummyA','20190803','20190811', 'ZOOL','10017');
INSERT INTO ProductReqs (req_reqformNumber,productitemnumber,productDesc,quantity,retrievedQuantity,deliveredQuantity) VALUES (8,'T025','Transparency Cover 3M',300,220,220)
INSERT INTO Requisitions(status,approvedBy,datecreated,dateapproved, department,employee_id) VALUES ('Complete','DummyA','20190803','20190811', 'ZOOL','10017');
INSERT INTO ProductReqs (req_reqformNumber,productitemnumber,productDesc,quantity,retrievedQuantity,deliveredQuantity) VALUES (9,'T025','Transparency Cover 3M',80,80,80)
INSERT INTO Requisitions(status,approvedBy,datecreated,dateapproved, department,employee_id) VALUES ('Partial','DummyA','20190805','20190816', 'ZOOL','10017');
INSERT INTO ProductReqs (req_reqformNumber,productitemnumber,productDesc,quantity,retrievedQuantity,deliveredQuantity) VALUES (10,'T100','Trays In/Out',200,80,80);
INSERT INTO Requisitions(status,approvedBy,datecreated,dateapproved, department,employee_id) VALUES ('Approved','DummyA','20190805','20190816', 'ZOOL','10017');
INSERT INTO ProductReqs (req_reqformNumber,productitemnumber,productDesc,quantity,retrievedQuantity,deliveredQuantity) VALUES (11,'T100','Trays In/Out',80,0,0);
INSERT INTO Delegations (delegatetoname,startdate,enddate,employeeid,status) VALUES ('venkat','20190101','20190107','10017','INACTIVE')
INSERT INTO Delegations (delegatetoname,startdate,enddate,employeeid,status) VALUES ('venkat','20190506','20190607','10017','INACTIVE')
INSERT INTO Delegations (delegatetoname,startdate,enddate,employeeid,status) VALUES ('venkat','20190810','20190810','10017','INACTIVE')
INSERT INTO ProductCatalogues(itemNumber,category,description,reorderlevel,reorderquantity,unitofmeasure,quantity,location) VALUES ('C001','Clip','Clips Double 1"',50,30,'Dozen',1000,'A1');
INSERT INTO ProductCatalogues(itemNumber,category,description,reorderlevel,reorderquantity,unitofmeasure,quantity,location) VALUES ('C002','Clip','Clips Double 2"',50,30,'Dozen',1000,'A2');
INSERT INTO ProductCatalogues(itemNumber,category,description,reorderlevel,reorderquantity,unitofmeasure,quantity,location) VALUES ('C003','Clip','Clips Double 3/4"',50,30,'Dozen',1000,'A3');
INSERT INTO ProductCatalogues(itemNumber,category,description,reorderlevel,reorderquantity,unitofmeasure,quantity,location) VALUES ('C004','Clip','Clips Paper Large',50,30,'Box',1000,'A4');
INSERT INTO ProductCatalogues(itemNumber,category,description,reorderlevel,reorderquantity,unitofmeasure,quantity,location) VALUES ('C005','Clip','Clips Paper Medium',50,30,'Box',1000,'A5');
INSERT INTO ProductCatalogues(itemNumber,category,description,reorderlevel,reorderquantity,unitofmeasure,quantity,location) VALUES ('C006','Clip','Clips Paper Small',50,30,'Box',1000,'A6');
INSERT INTO ProductCatalogues(itemNumber,category,description,reorderlevel,reorderquantity,unitofmeasure,quantity,location) VALUES ('E001','Envelope','Envelope Brown (3"x6")',600,400,'Each',1000,'B1');
INSERT INTO ProductCatalogues(itemNumber,category,description,reorderlevel,reorderquantity,unitofmeasure,quantity,location) VALUES ('E002','Envelope','Envelope Brown (3"x6") w/ Window',600,400,'Each',1000,'B2');
INSERT INTO ProductCatalogues(itemNumber,category,description,reorderlevel,reorderquantity,unitofmeasure,quantity,location) VALUES ('E003','Envelope','Envelope Brown (5"x7")',600,400,'Each',1000,'B3');
INSERT INTO ProductCatalogues(itemNumber,category,description,reorderlevel,reorderquantity,unitofmeasure,quantity,location) VALUES ('E004','Envelope','Envelope Brown (5"x7") w/ Window',600,400,'Each',1000,'B4');
INSERT INTO ProductCatalogues(itemNumber,category,description,reorderlevel,reorderquantity,unitofmeasure,quantity,location) VALUES ('E005','Envelope','Envelope White (3"x6")',600,400,'Each',1000,'B5');
INSERT INTO ProductCatalogues(itemNumber,category,description,reorderlevel,reorderquantity,unitofmeasure,quantity,location) VALUES ('E006','Envelope','Envelope White (3"x6") w/ Window',600,400,'Each',1000,'B6');
INSERT INTO ProductCatalogues(itemNumber,category,description,reorderlevel,reorderquantity,unitofmeasure,quantity,location) VALUES ('E007','Envelope','Envelope White (5"x7")',600,400,'Each',1000,'B7');
INSERT INTO ProductCatalogues(itemNumber,category,description,reorderlevel,reorderquantity,unitofmeasure,quantity,location) VALUES ('E008','Envelope','Envelope White (5"x7") w/ Window',600,400,'Each',1000,'B8');
INSERT INTO ProductCatalogues(itemNumber,category,description,reorderlevel,reorderquantity,unitofmeasure,quantity,location) VALUES ('E020','Eraser','Eraser (hard)',50,20,'Each',1000,'C1');
INSERT INTO ProductCatalogues(itemNumber,category,description,reorderlevel,reorderquantity,unitofmeasure,quantity,location) VALUES ('E021','Eraser','Eraser (soft)',50,20,'Each',1000,'C2');
INSERT INTO ProductCatalogues(itemNumber,category,description,reorderlevel,reorderquantity,unitofmeasure,quantity,location) VALUES ('E030','Exercise','Exercise Book (100 pg)',100,50,'Each',1000,'D1');
INSERT INTO ProductCatalogues(itemNumber,category,description,reorderlevel,reorderquantity,unitofmeasure,quantity,location) VALUES ('E031','Exercise','Exercise Book (120 pg)',100,50,'Each',1000,'D2');
INSERT INTO ProductCatalogues(itemNumber,category,description,reorderlevel,reorderquantity,unitofmeasure,quantity,location) VALUES ('E032','Exercise','Exercise Book A4 Hardcover (100 pg)',100,50,'Each',1000,'D3');
INSERT INTO ProductCatalogues(itemNumber,category,description,reorderlevel,reorderquantity,unitofmeasure,quantity,location) VALUES ('E033','Exercise','Exercise Book A4 Hardcover (120 pg)',100,50,'Each',1000,'D4');
INSERT INTO ProductCatalogues(itemNumber,category,description,reorderlevel,reorderquantity,unitofmeasure,quantity,location) VALUES ('E034','Exercise','Exercise Book A4 Hardcover (200 pg)',100,50,'Each',1000,'D5');
INSERT INTO ProductCatalogues(itemNumber,category,description,reorderlevel,reorderquantity,unitofmeasure,quantity,location) VALUES ('E035','Exercise','Exercise Book Hardcover (100 pg)',100,50,'Each',1000,'D6');
INSERT INTO ProductCatalogues(itemNumber,category,description,reorderlevel,reorderquantity,unitofmeasure,quantity,location) VALUES ('E036','Exercise','Exercise Book Hardcover (120 pg)',100,50,'Each',1000,'D7');
INSERT INTO ProductCatalogues(itemNumber,category,description,reorderlevel,reorderquantity,unitofmeasure,quantity,location) VALUES ('F020','File','File Separator',100,50,'Set',1120,'E1');
INSERT INTO ProductCatalogues(itemNumber,category,description,reorderlevel,reorderquantity,unitofmeasure,quantity,location) VALUES ('F021','File','File-Blue Plain',200,100,'Each',1000,'E2');
INSERT INTO ProductCatalogues(itemNumber,category,description,reorderlevel,reorderquantity,unitofmeasure,quantity,location) VALUES ('F022','File','File-Blue with Logo',200,100,'Each',1000,'E3');
INSERT INTO ProductCatalogues(itemNumber,category,description,reorderlevel,reorderquantity,unitofmeasure,quantity,location) VALUES ('F023','File','File-Brown w/o Logo',200,150,'Each',1000,'E4');
INSERT INTO ProductCatalogues(itemNumber,category,description,reorderlevel,reorderquantity,unitofmeasure,quantity,location) VALUES ('F024','File','File-Brown with Logo',200,150,'Each',1000,'E5');
INSERT INTO ProductCatalogues(itemNumber,category,description,reorderlevel,reorderquantity,unitofmeasure,quantity,location) VALUES ('F031','File','Folder Plastic Blue',200,150,'Each',1000,'E6');
INSERT INTO ProductCatalogues(itemNumber,category,description,reorderlevel,reorderquantity,unitofmeasure,quantity,location) VALUES ('F032','File','Folder Plastic Clear',200,150,'Each',1000,'E7');
INSERT INTO ProductCatalogues(itemNumber,category,description,reorderlevel,reorderquantity,unitofmeasure,quantity,location) VALUES ('F033','File','Folder Plastic Green',200,150,'Each',1000,'E8');
INSERT INTO ProductCatalogues(itemNumber,category,description,reorderlevel,reorderquantity,unitofmeasure,quantity,location) VALUES ('F034','File','Folder Plastic Pink',200,150,'Each',1000,'E9');
INSERT INTO ProductCatalogues(itemNumber,category,description,reorderlevel,reorderquantity,unitofmeasure,quantity,location) VALUES ('F035','File','Folder Plastic Yellow',200,150,'Each',1000,'E10');
INSERT INTO ProductCatalogues(itemNumber,category,description,reorderlevel,reorderquantity,unitofmeasure,quantity,location) VALUES ('H011','Pen','Highlighter Blue',100,80,'Box',1000,'F1');
INSERT INTO ProductCatalogues(itemNumber,category,description,reorderlevel,reorderquantity,unitofmeasure,quantity,location) VALUES ('H012','Pen','Highlighter Green',100,80,'Box',1000,'F2');
INSERT INTO ProductCatalogues(itemNumber,category,description,reorderlevel,reorderquantity,unitofmeasure,quantity,location) VALUES ('H013','Pen','Highlighter Pink',100,80,'Box',1000,'F3');
INSERT INTO ProductCatalogues(itemNumber,category,description,reorderlevel,reorderquantity,unitofmeasure,quantity,location) VALUES ('H014','Pen','Highlighter Yellow',100,80,'Box',1000,'F4');
INSERT INTO ProductCatalogues(itemNumber,category,description,reorderlevel,reorderquantity,unitofmeasure,quantity,location) VALUES ('H031','Puncher','Hole Puncher 2 holes',50,20,'Each',1000,'G1');
INSERT INTO ProductCatalogues(itemNumber,category,description,reorderlevel,reorderquantity,unitofmeasure,quantity,location) VALUES ('H032','Puncher','Hole Puncher 3 holes',50,20,'Each',1000,'G2');
INSERT INTO ProductCatalogues(itemNumber,category,description,reorderlevel,reorderquantity,unitofmeasure,quantity,location) VALUES ('H033','Puncher','Hole Puncher Adjustable',50,20,'Each',1000,'G3');
INSERT INTO ProductCatalogues(itemNumber,category,description,reorderlevel,reorderquantity,unitofmeasure,quantity,location) VALUES ('P010','Pad','Pad Postit Memo 1"x2"',100,60,'Packet',1000,'H1');
INSERT INTO ProductCatalogues(itemNumber,category,description,reorderlevel,reorderquantity,unitofmeasure,quantity,location) VALUES ('P011','Pad','Pad Postit Memo 1/2"x1"',100,60,'Packet',1000,'H2');
INSERT INTO ProductCatalogues(itemNumber,category,description,reorderlevel,reorderquantity,unitofmeasure,quantity,location) VALUES ('P012','Pad','Pad Postit Memo 1/2"x2"',100,60,'Packet',1000,'H3');
INSERT INTO ProductCatalogues(itemNumber,category,description,reorderlevel,reorderquantity,unitofmeasure,quantity,location) VALUES ('P013','Pad','Pad Postit Memo 2"x3"',100,60,'Packet',1000,'H4');
INSERT INTO ProductCatalogues(itemNumber,category,description,reorderlevel,reorderquantity,unitofmeasure,quantity,location) VALUES ('P014','Pad','Pad Postit Memo 2"x4"',100,60,'Packet',1000,'H5');
INSERT INTO ProductCatalogues(itemNumber,category,description,reorderlevel,reorderquantity,unitofmeasure,quantity,location) VALUES ('P015','Pad','Pad Postit Memo 2"x4"',100,60,'Packet',1000,'H6');
INSERT INTO ProductCatalogues(itemNumber,category,description,reorderlevel,reorderquantity,unitofmeasure,quantity,location) VALUES ('P016','Pad','Pad Postit Memo 3/4"x2"',100,60,'Packet',1000,'H7');
INSERT INTO ProductCatalogues(itemNumber,category,description,reorderlevel,reorderquantity,unitofmeasure,quantity,location) VALUES ('P020','Paper','Paper Photostat A3',500,500,'Box',1000,'J1');
INSERT INTO ProductCatalogues(itemNumber,category,description,reorderlevel,reorderquantity,unitofmeasure,quantity,location) VALUES ('P021','Paper','Paper Photostat A4',500,500,'Box',1000,'J2');
INSERT INTO ProductCatalogues(itemNumber,category,description,reorderlevel,reorderquantity,unitofmeasure,quantity,location) VALUES ('P030','Pen','Pen Ballpoint Black',100,50,'Dozen',1000,'K1');
INSERT INTO ProductCatalogues(itemNumber,category,description,reorderlevel,reorderquantity,unitofmeasure,quantity,location) VALUES ('P031','Pen','Pen Ballpoint Blue',100,50,'Dozen',1000,'K2');
INSERT INTO ProductCatalogues(itemNumber,category,description,reorderlevel,reorderquantity,unitofmeasure,quantity,location) VALUES ('P032','Pen','Pen Ballpoint Red',100,50,'Dozen',1000,'K3');
INSERT INTO ProductCatalogues(itemNumber,category,description,reorderlevel,reorderquantity,unitofmeasure,quantity,location) VALUES ('P033','Pen','Pen Felt Tip Black',100,50,'Dozen',1000,'K4');
INSERT INTO ProductCatalogues(itemNumber,category,description,reorderlevel,reorderquantity,unitofmeasure,quantity,location) VALUES ('P034','Pen','Pen Felt Tip Blue',100,50,'Dozen',1000,'K5');
INSERT INTO ProductCatalogues(itemNumber,category,description,reorderlevel,reorderquantity,unitofmeasure,quantity,location) VALUES ('P035','Pen','Pen Felt Tip Red',100,50,'Dozen',1000,'K6');
INSERT INTO ProductCatalogues(itemNumber,category,description,reorderlevel,reorderquantity,unitofmeasure,quantity,location) VALUES ('P036','Pen','Pen Transparency Permanent',100,50,'Packet',1000,'K7');
INSERT INTO ProductCatalogues(itemNumber,category,description,reorderlevel,reorderquantity,unitofmeasure,quantity,location) VALUES ('P037','Pen','Pen Transparency Soluble',100,50,'Packet',1000,'K8');
INSERT INTO ProductCatalogues(itemNumber,category,description,reorderlevel,reorderquantity,unitofmeasure,quantity,location) VALUES ('P038','Pen','Pen Whiteboard Marker Black',100,50,'Box',1000,'K9');
INSERT INTO ProductCatalogues(itemNumber,category,description,reorderlevel,reorderquantity,unitofmeasure,quantity,location) VALUES ('P039','Pen','Pen Whiteboard Marker Blue',100,50,'Box',1000,'K10');
INSERT INTO ProductCatalogues(itemNumber,category,description,reorderlevel,reorderquantity,unitofmeasure,quantity,location) VALUES ('P040','Pen','Pen Whiteboard Marker Green',100,50,'Box',1000,'K11');
INSERT INTO ProductCatalogues(itemNumber,category,description,reorderlevel,reorderquantity,unitofmeasure,quantity,location) VALUES ('P041','Pen','Pen Whiteboard Marker Red',100,50,'Box',1000,'K12');
INSERT INTO ProductCatalogues(itemNumber,category,description,reorderlevel,reorderquantity,unitofmeasure,quantity,location) VALUES ('P042','Pen','Pencil 2B',100,50,'Dozen',1000,'K13');
INSERT INTO ProductCatalogues(itemNumber,category,description,reorderlevel,reorderquantity,unitofmeasure,quantity,location) VALUES ('P043','Pen','Pencil 2B with Eraser End',100,50,'Dozen',1000,'K14');
INSERT INTO ProductCatalogues(itemNumber,category,description,reorderlevel,reorderquantity,unitofmeasure,quantity,location) VALUES ('P044','Pen','Pencil 4H',100,50,'Dozen',1000,'K15');
INSERT INTO ProductCatalogues(itemNumber,category,description,reorderlevel,reorderquantity,unitofmeasure,quantity,location) VALUES ('P045','Pen','Pencil B',100,50,'Dozen',1000,'K16');
INSERT INTO ProductCatalogues(itemNumber,category,description,reorderlevel,reorderquantity,unitofmeasure,quantity,location) VALUES ('P046','Pen','Pencil B with Eraser End',100,50,'Dozen',1000,'K17');
INSERT INTO ProductCatalogues(itemNumber,category,description,reorderlevel,reorderquantity,unitofmeasure,quantity,location) VALUES ('R001','Ruler','Ruler 6"',50,20,'Dozen',1000,'L1');
INSERT INTO ProductCatalogues(itemNumber,category,description,reorderlevel,reorderquantity,unitofmeasure,quantity,location) VALUES ('R002','Ruler','Ruler 12"',50,20,'Dozen',1000,'L2');
INSERT INTO ProductCatalogues(itemNumber,category,description,reorderlevel,reorderquantity,unitofmeasure,quantity,location) VALUES ('S100','Scissors','Scissors',50,20,'Each',1000,'M1');
INSERT INTO ProductCatalogues(itemNumber,category,description,reorderlevel,reorderquantity,unitofmeasure,quantity,location) VALUES ('S040','Tape','Scotch Tape',50,20,'Each',1000,'N1');
INSERT INTO ProductCatalogues(itemNumber,category,description,reorderlevel,reorderquantity,unitofmeasure,quantity,location) VALUES ('S041','Tape','Scotch Tape Dispenser',50,20,'Each',1000,'N2');
INSERT INTO ProductCatalogues(itemNumber,category,description,reorderlevel,reorderquantity,unitofmeasure,quantity,location) VALUES ('S101','Sharpener','Sharpener',50,20,'Each',1000,'O1');
INSERT INTO ProductCatalogues(itemNumber,category,description,reorderlevel,reorderquantity,unitofmeasure,quantity,location) VALUES ('S010','Shorthand','Shorthand Book (100 pg)',100,80,'Each',1000,'O2');
INSERT INTO ProductCatalogues(itemNumber,category,description,reorderlevel,reorderquantity,unitofmeasure,quantity,location) VALUES ('S011','Shorthand','Shorthand Book (120 pg)',100,80,'Each',1000,'O3');
INSERT INTO ProductCatalogues(itemNumber,category,description,reorderlevel,reorderquantity,unitofmeasure,quantity,location) VALUES ('S012','Shorthand','Shorthand Book (80 pg)',100,80,'Each',1000,'O4');
INSERT INTO ProductCatalogues(itemNumber,category,description,reorderlevel,reorderquantity,unitofmeasure,quantity,location) VALUES ('S020','Stapler','Stapler No. 28',50,20,'Each',1000,'P1');
INSERT INTO ProductCatalogues(itemNumber,category,description,reorderlevel,reorderquantity,unitofmeasure,quantity,location) VALUES ('S021','Stapler','Stapler No. 36',50,20,'Each',1000,'P2');
INSERT INTO ProductCatalogues(itemNumber,category,description,reorderlevel,reorderquantity,unitofmeasure,quantity,location) VALUES ('S022','Stapler','Stapler No. 28',50,20,'Box',1000,'P3');
INSERT INTO ProductCatalogues(itemNumber,category,description,reorderlevel,reorderquantity,unitofmeasure,quantity,location) VALUES ('S023','Stapler','Stapler No. 36',50,20,'Box',1000,'P4');
INSERT INTO ProductCatalogues(itemNumber,category,description,reorderlevel,reorderquantity,unitofmeasure,quantity,location) VALUES ('T001','Tacks','Thumb Tacks Large',10,10,'Box',1000,'Q1');
INSERT INTO ProductCatalogues(itemNumber,category,description,reorderlevel,reorderquantity,unitofmeasure,quantity,location) VALUES ('T002','Tacks','Thumb Tacks Medium',10,10,'Box',1000,'Q2');
INSERT INTO ProductCatalogues(itemNumber,category,description,reorderlevel,reorderquantity,unitofmeasure,quantity,location) VALUES ('T003','Tacks','Thumb Tacks Small',10,10,'Box',1000,'Q3');
INSERT INTO ProductCatalogues(itemNumber,category,description,reorderlevel,reorderquantity,unitofmeasure,quantity,location) VALUES ('T020','Tparency','Transparency Blue',100,200,'Box',1000,'R1');
INSERT INTO ProductCatalogues(itemNumber,category,description,reorderlevel,reorderquantity,unitofmeasure,quantity,location) VALUES ('T021','Tparency','Transparency Clear',500,400,'Box',1000,'R2');
INSERT INTO ProductCatalogues(itemNumber,category,description,reorderlevel,reorderquantity,unitofmeasure,quantity,location) VALUES ('T022','Tparency','Transparency Green',100,200,'Box',1000,'R3');
INSERT INTO ProductCatalogues(itemNumber,category,description,reorderlevel,reorderquantity,unitofmeasure,quantity,location) VALUES ('T023','Tparency','Transparency Red',100,200,'Box',1000,'R4');
INSERT INTO ProductCatalogues(itemNumber,category,description,reorderlevel,reorderquantity,unitofmeasure,quantity,location) VALUES ('T024','Tparency','Transparency Reverse Blue',100,200,'Box',1000,'R5');
INSERT INTO ProductCatalogues(itemNumber,category,description,reorderlevel,reorderquantity,unitofmeasure,quantity,location) VALUES ('T025','Tparency','Transparency Cover 3M',500,400,'Box',1000,'R6');
INSERT INTO ProductCatalogues(itemNumber,category,description,reorderlevel,reorderquantity,unitofmeasure,quantity,location) VALUES ('T100','Tray','Trays In/Out',20,10,'Set',1000,'S1');
INSERT INTO StockMovements (movementDate,movementDescription,movementQuantity,movementBalance,itemNumber) VALUES ('20190101','Delivery from Supplier',200,1200,'F020');
INSERT INTO StockMovements (movementDate,movementDescription,movementQuantity,movementBalance,itemNumber) VALUES ('20190106','Manual Stock Adjustment',-80,1120,'F020');
INSERT INTO Vouchers (voucherDate,reason,status,quantityAdjusted,price,itemNumber,itemName) VALUES ('20190106','Broken(DummyPrice)', 'Pending',-80,260,'F020','File Separator')
